{
  "speakers": [
    {
      "id": 1530,
      "firstName": "Tammy",
      "lastName": "Baker",
      "sat": false,
      "sun": true,
      "favorite": true,
      "bio": "Tammy has held a number of executive and management roles over the past 15 years, including VP engineering Roles at Molekule Inc., Cantaloupe Systems, E-Color, and Untangle Inc."
    },
    {
      "id": 5996,
      "firstName": "Craig",
      "lastName": "Berntson",
      "favorite": true,
      "bio": "Craig has a passion for community and helping other developers improve their skills. He writes the column \"Software Gardening\" in DotNet Curry Magazine and is the co-author of \"Continuous Integration in .NET\" available from Manning.",
      "sat": true,
      "sun": true
    },
    {
      "id": 10803,
      "firstName": "Eugene",
      "lastName": "Chuvyrov",
      "sat": true,
      "sun": false,
      "favorite": false,
      "bio": "Eugene Chuvyrov is  a Senior Cloud Architect at Microsoft. He works directly with both startups and enterprises to enable their solutions in Microsoft cloud, and to make Azure better as a result of this work with partners."
    },
    {
      "id": 1124,
      "firstName": "Douglas",
      "lastName": "Crockford",
      "sat": true,
      "sun": false,
      "favorite": true,
      "bio": "Douglas Crockford discovered the JSON Data Interchange Format. He is also the author of _JavaScript: The Good Parts_. He has been called a guru, but he is actually more of a mahatma."
    },
    {
      "id": 41808,
      "firstName": "Paul",
      "lastName": "Everitt",
      "sat": true,
      "sun": true,
      "favorite": false,
      "bio": "Paul is the PyCharm and WebStorm Developer Advocate at JetBrains. Before that, Paul was a partner at Agendaless Consulting and co-founder of Zope Corporation, taking the first open source application server through $14M of funding."
    },
    {
      "id": 1269,
      "firstName": "Arun",
      "lastName": "Gupta",
      "favorite": true,
      "bio": "Arun Gupta is a Principal Open Source Technologist at Amazon Web Services. He has built and led developer communities for 12+ years at Sun, Oracle, Red Hat and Couchbase.",
      "sat": false,
      "sun": true
    },
    {
      "id": 1725,
      "firstName": "Brad",
      "lastName": "Irby",
      "favorite": true,
      "bio": "Brad is an accomplished .NET software architect specializing in Domain Driven Design and Event Driven Architectures.",
      "sat": true,
      "sun": false
    },
    {
      "id": 18805,
      "firstName": "Mickey W.",
      "lastName": "Mantle",
      "sat": true,
      "sun": true,
      "favorite": false,
      "bio": "Mickey has been developing software systems and products for over 40 years, as a systems programmer, Tech Lead, Manager, VP Engineering, CTO, COO, and now CEO/CTO of his own company."
    },
    {
      "id": 8367,
      "firstName": "Gayle Laakmann",
      "lastName": "McDowell",
      "sat": true,
      "sun": false,
      "favorite": false,
      "bio": "Gayle Laakmann McDowell is the founder and CEO of CareerCup.com and the author of three best selling books."
    },
    {
      "id": 187,
      "firstName": "Dave",
      "lastName": "Nielsen",
      "favorite": false,
      "bio": "As Head of Ecosystem Programs, Dave uses emerging technologies and open source projects like Microservices, Serverless & Kubernetes to bring the magic of Redis to the broader community.",
      "sat": true,
      "sun": true
    },
    {
      "id": 823,
      "firstName": "Kevin",
      "lastName": "Nilson",
      "sat": false,
      "sun": true,
      "favorite": true,
      "bio": "Team Lead of the Chromecast Technical Solutions Engineer team, a Java Champion and three time JavaOne Rock Star Presenter. Kevin has spoken at conferences such as JavaOne, Devoxx, JAX, O'Reilly Fluent, Silicon Valley Code Camp, JAX and HTML5DevConf."
    },
    {
      "id": 8590,
      "firstName": "Chris",
      "lastName": "Richardson",
      "favorite": false,
      "bio": "Chris Richardson is a developer and architect. He is a Java Champion, a JavaOne rock star and the author of POJOs in Action, which describes how to build enterprise Java applications with frameworks such as Spring and Hibernate.",
      "sat": true,
      "sun": false
    },
    {
      "id": 10808,
      "firstName": "Antony",
      "lastName": "Ross",
      "favorite": true,
      "bio": "Antony Ross is a consultant specializing in data science and machine learning applied to sports performance. He has worked closely with USC and UCLA and is presently involved with the Recurse Center in New York researching deep learning and voice recognition.",
      "sat": true,
      "sun": false
    },
    {
      "id": 6548,
      "firstName": "Steve",
      "lastName": "Souders",
      "sat": true,
      "sun": false,
      "favorite": true,
      "bio": "Steve works at SpeedCurve on the interplay between performance and design. He previously served as Google's Head Performance Engineer, Chief Performance Yahoo!, and Chief Performance Officer at Fastly."
    }
  ],
  "isloggedinyes1": {
    "eventName": "Silicon Valley Code Camp 2019",
    "registrationStatus": "Attending SV Code Camp October 19 & 20, 2019",
    "attendeeResults": {
      "id": 903
    }
  },
  "isloggedinyes": {
    "returnStatus": "OK",
    "isLoggedIn": true,
    "specialcode": "",
    "codeCampType": "svcc",
    "isCurrentYearSpeaker": false,
    "registrationWords": "To attend code camp you <b>must be registered</b>.  We do close registration so please make sure to complete all steps in this registration process.",
    "registrationFull": true,
    "showRegistration": false,
    "registrationPartiallySoldOut": false,
    "isAdmin": true,
    "stripePublicKey": "pk_live_Y2Ba9p3zyRBzE8vEIfhglVvu",
    "isKid": false,
    "isConfAdmin": true,
    "isSessionAdmin": true,
    "eventName": "Silicon Valley Code Camp 2019",
    "success": true,
    "okToSubmitSessions": true,
    "presentationLimit": 5,
    "sessionsSubmittedTotal": 1,
    "donationAmount1": "0",
    "donationAmount2": "15",
    "donationAmount3": "25",
    "donationAmount4": "50",
    "showSvccGivingDonation": true,
    "currentCodeCampYear": "2018",
    "codeCampYearId": 13,
    "showAgendaOnSchedule": true,
    "showAgendaOnScheduleKid": true,
    "showTrackOnSession": true,
    "showRoomOnSchedule": true,
    "showSessionInterest": true,
    "scheduleAllowCheckAttend": true,
    "showSessionInterestCount": true,
    "showSessionPlanAheadCount": true,
    "submitSessionsOpen": true,
    "cloudFrontCacheServer": "http://ddrt7tzfkdwdf.cloudfront.net/",
    "attendeesImageUrl": "/attendeeimage/20170609223012-903.jpg",
    "facebookUrl": "https://www.facebook.com/siliconvalleycodecamp",
    "googlePlusUrl": "https://plus.google.com/110656351842726857531/posts",
    "twitterUrl": "https://www.twitter.com/sv_code_camp",
    "eventGoogleMapUrl": "https://goo.gl/maps/uBzdM",
    "announcementsEmail": "announcements@siliconvalley-codecamp.com",
    "serviceEmail": "service2018@siliconvalley-codecamp.com",
    "registrationStatus": "Attending SV Code Camp October 13 & 14, 2018",
    "attendeeResults": {
      "interestLevel": 0,
      "donationAmount": 15,
      "donationConfirmed": true,
      "kidDonationOverride": false,
      "registeredCurrentYear": true,
      "hasSessionsCurrentYear": true,
      "volunteeredCurrentYear": false,
      "currentCodeCampYear": 13,
      "attendeesId": 903,
      "saturdayClasses": true,
      "roleTop": "superuser",
      "hasLedgerEntriesCurrentCodeCampYear": true,
      "emailSubscription": 1,
      "allowPartialSessionEdit": false,
      "allowFullSessionEdit": false,
      "paidAmount": 0,
      "pkid": "00000000-0000-0000-0000-000000000000",
      "username": "pkellner",
      "applicationName": "",
      "email": "peter@peterkellner.net",
      "comment": "###Contest AngularU 3/25/2015",
      "password": "",
      "passwordQuestion": "",
      "passwordAnswer": "",
      "isApproved": true,
      "lastActivityDate": "2019-02-13T06:16:19Z",
      "lastLoginDate": "2019-02-13T06:16:19.17Z",
      "creationDate": "2008-05-10T08:29:29.927Z",
      "isLockedOut": false,
      "lastLockedOutDate": "2008-05-10T08:29:29.927Z",
      "failedPasswordAttemptCount": 1,
      "failedPasswordAttemptWindowStart": "2019-01-10T14:06:42.403Z",
      "failedPasswordAnswerAttemptCount": 0,
      "failedPasswordAnswerAttemptWindowStart": "2008-05-10T08:29:29.927Z",
      "lastPasswordChangedDate": "2014-07-30T10:05:36.453Z",
      "userWebsite": "peterkellner.net",
      "userFirstName": "Peter",
      "userLastName": "Kellner",
      "userZipCode": "95128",
      "userBio": "Peter Kellner, a Microsoft ASP.NET MVP since 2007, is founder and president of 73rd Street Associates and a seasoned software professional specializing in high quality, scalable and extensible .Net web applications.  His experience includes building and leading engineering teams both on and off shore. When not working, Peter spends most his free time biking. ",
      "userShareInfo": true,
      "confirmedDate": "2015-02-16T17:44:30.407Z",
      "vistaSlotsId": 0,
      "fullNameUsernameZipcode": "",
      "vistaOnly": true,
      "desktopOrLaptopForVista": "true",
      "saturdayDinner": true,
      "phoneNumber": "4081231234",
      "addressLine1": "3443 Main Street",
      "allowEmailToSpeakerPlanToAttend": false,
      "allowEmailToSpeakerInterested": false,
      "qrEmailAllow": true,
      "qrWebSiteAllow": true,
      "qrAddressLine1Allow": false,
      "qrZipCodeAllow": true,
      "qrPhoneAllow": true,
      "shirtSize": "Mens-XL",
      "volunteerMeetingStatus": 1,
      "twitterHandle": "pkellner",
      "facebookId": "peterkellner99",
      "linkedInId": "peterkellner",
      "googlePlusId": "+PeterKellner",
      "optInSponsoredMailingsLevel": 0,
      "optInSponsorSpecialsLevel": 1,
      "city": "San Jose",
      "state": "CA",
      "presentationLimit": 2,
      "presentationApprovalRequired": false,
      "optInTechJobKeyWords": "0",
      "company": "73rd Street Associates",
      "principleJob": ".",
      "optInSvccKids": "1",
      "lastUpdateDate": "2017-06-09T22:30:12.8Z",
      "sessionGuid": "a53e862b-994b-470c-ae2e-ba42e260ca26",
      "sessionGuidExpiration": "2019-02-27T14:16:19.243Z",
      "optOutAllTechJobEmails": false,
      "meetupShareInfo": true,
      "allowAttendeeToEmailMe": false,
      "allowHtml": true,
      "userBioShort": "Peter Kellner, an open source developer, Pluralsight Author and part time conference organizer",
      "workStudyInterest": false,
      "donationOnHonorRoll": false,
      "allowFullSessionEditThrough": "2017-06-29T00:00:00Z",
      "sessionAttendeeLastIncrementalDownload": "2014-05-09T13:26:46.617Z",
      "passwordResetGuid": "b8bcbacf-715d-4496-8293-165b9ee5fc95",
      "passwordResetGuidExpirationDate": "2018-05-14T09:26:16.083Z",
      "isKid": false,
      "kidBirthYear": 0,
      "codeStarsSummitInterestTopics": "React;",
      "notificationLevel": "allsessions",
      "notificationDestinationText": true,
      "notificationDestinationEmail": true,
      "country": "usa",
      "confirmedEmailGuidExpire": "2015-03-01T17:23:11.597Z",
      "confirmedEmailGuid": "e5da2fc7-ee58-4e2d-af94-4b40e3be3a9c",
      "confirmedEmail": true,
      "id": 903
    },
    "workshopResults": []
  },
  "isloggedinno": {
    "returnStatus": "User Not Authenticated And No Token",
    "isLoggedIn": false,
    "specialcode": "",
    "codeCampType": "svcc",
    "isCurrentYearSpeaker": false,
    "registrationWords": "To attend code camp you <b>must be registered</b>.  We do close registration so please make sure to complete all steps in this registration process.",
    "registrationFull": true,
    "showRegistration": false,
    "registrationPartiallySoldOut": false,
    "isAdmin": false,
    "stripePublicKey": "pk_live_Y2Ba9p3zyRBzE8vEIfhglVvu",
    "isConfAdmin": false,
    "isSessionAdmin": false,
    "eventName": "Silicon Valley Code Camp 2019",
    "success": false,
    "okToSubmitSessions": false,
    "presentationLimit": 0,
    "sessionsSubmittedTotal": 0,
    "donationAmount1": "0",
    "donationAmount2": "15",
    "donationAmount3": "25",
    "donationAmount4": "50",
    "showSvccGivingDonation": true,
    "currentCodeCampYear": "2018",
    "codeCampYearId": 13,
    "showAgendaOnSchedule": true,
    "showAgendaOnScheduleKid": false,
    "showTrackOnSession": true,
    "showRoomOnSchedule": true,
    "showSessionInterest": false,
    "scheduleAllowCheckAttend": false,
    "showSessionInterestCount": false,
    "showSessionPlanAheadCount": false,
    "submitSessionsOpen": false,
    "cloudFrontCacheServer": "http://ddrt7tzfkdwdf.cloudfront.net/",
    "attendeesImageUrl": "/attendeeimage/000000000000-0.jpg",
    "facebookUrl": "https://www.facebook.com/siliconvalleycodecamp",
    "googlePlusUrl": "https://plus.google.com/110656351842726857531/posts",
    "twitterUrl": "https://www.twitter.com/sv_code_camp",
    "eventGoogleMapUrl": "https://goo.gl/maps/uBzdM",
    "announcementsEmail": "announcements@siliconvalley-codecamp.com",
    "serviceEmail": "service2018@siliconvalley-codecamp.com",
    "registrationStatus": "Not Registered",
    "attendeeResults": {
      "interestLevel": 0,
      "donationAmount": 0,
      "donationConfirmed": false,
      "kidDonationOverride": false,
      "registeredCurrentYear": false,
      "hasSessionsCurrentYear": false,
      "volunteeredCurrentYear": false,
      "currentCodeCampYear": 13,
      "attendeesId": 0,
      "saturdayClasses": false,
      "hasLedgerEntriesCurrentCodeCampYear": false,
      "allowPartialSessionEdit": false,
      "allowFullSessionEdit": false,
      "paidAmount": 0,
      "pkid": "00000000-0000-0000-0000-000000000000",
      "applicationName": "",
      "password": "",
      "passwordQuestion": "",
      "passwordAnswer": "",
      "fullNameUsernameZipcode": "",
      "id": 0
    },
    "workshopResults": []
  }
}